Workbook

Sheet bom
A1: FG CODE | B1: Finished goods | C1: RM Code | D1: QTY | E1: UOM | F1: Raw Material | G1: Total Output for SFG (GM) | H1: UNIT SIZE | I1: RM USAGE BY PCS (GM) | J1: RM USAGE BY QTY | K1: RM USAGE BY 1000g
A2: FG-LB015/109 | B2: Black Cherry | C2: RM-SS001/005 | D2: 81 | E2: GM | F2: KAHLWAX 2039L CANDELILA WAX | G2: 1500 | H2: 5 | I2: =(D2/G2)*H2 -> 0.27 | J2: =I2*$N$7 -> 108 | K2: =(D2/G2)*$N$4 -> 324
A3: FG-LB015/109 | B3: Black Cherry | C3: RM-CO007/054 | D3: 16 | E3: GM | F3: DK-PGT PASTE IOB (BLACK) (5KG/PAIL) | G3: 1500 | H3: 5 | I3: =(D3/G3)*H3 -> 0.053333333 | J3: =I3*$N$7 -> 21.333333 | K3: =(D3/G3)*$N$4 -> 64 | N3: PLAN BY KG
A4: FG-LB015/109 | B4: Black Cherry | C4: RM-L004/011 | D4: 231 | E4: GM | F4: Avocado Oil Cosmetic (23KG/TONG) | G4: 1500 | H4: 5 | I4: =(D4/G4)*H4 -> 0.77 | J4: =I4*$N$7 -> 308 | K4: =(D4/G4)*$N$4 -> 924 | N4: 6000
A5: FG-LB015/109 | B5: Black Cherry | C5: RM-CO004/043 | D5: 16 | E5: GM | F5: DK-PGT Paste R7 (Red) (5KG/PAIL) | G5: 1500 | H5: 5 | I5: =(D5/G5)*H5 -> 0.053333333 | J5: =I5*$N$7 -> 21.333333 | K5: =(D5/G5)*$N$4 -> 64
A6: FG-LB015/109 | B6: Black Cherry | C6: RM-CO002/027 | D6: 7 | E6: GM | F6: DK-PGT Paste IOR (Coral) (5KG/PAIL) | G6: 1500 | H6: 5 | I6: =(D6/G6)*H6 -> 0.023333333 | J6: =I6*$N$7 -> 9.3333333 | K6: =(D6/G6)*$N$4 -> 28 | N6: PLAN BY PCS
A7: FG-LB015/109 | B7: Black Cherry | C7: RM-SS004/020 | D7: 68 | E7: GM | F7: Akogel (20KG/BAG) | G7: 1500 | H7: 5 | I7: =(D7/G7)*H7 -> 0.22666667 | J7: =I7*$N$7 -> 90.666667 | K7: =(D7/G7)*$N$4 -> 272 | N7: 400
A8: FG-LB015/109 | B8: Black Cherry | C8: RM-L005/028 | D8: 68 | E8: GM | F8: Primalhyal Gold (Hyaluronic Acid) (5KG/TONG) | G8: 1500 | H8: 5 | I8: =(D8/G8)*H8 -> 0.22666667 | J8: =I8*$N$7 -> 90.666667 | K8: =(D8/G8)*$N$4 -> 272
A9: FG-LB015/109 | B9: Black Cherry | C9: RM-SS003/012 | D9: 271 | E9: GM | F9: Beeswax (25KG/DRUM) | G9: 1500 | H9: 5 | I9: =(D9/G9)*H9 -> 0.90333333 | J9: =I9*$N$7 -> 361.33333 | K9: =(D9/G9)*$N$4 -> 1084
A10: FG-LB015/109 | B10: Black Cherry | C10: RM-L001/001 | D10: 337 | E10: GM | F10: Palmester 3595 [MCT Oil] (190KG/Drum) | G10: 1500 | H10: 5 | I10: =(D10/G10)*H10 -> 1.1233333 | J10: =I10*$N$7 -> 449.33333 | K10: =(D10/G10)*$N$4 -> 1348
A11: FG-LB015/109 | B11: Black Cherry | C11: RM-CO003/031 | D11: 34 | E11: GM | F11: DK-PGT Paste Y6L (Orange) (5KG/PAIL) | G11: 1500 | H11: 5 | I11: =(D11/G11)*H11 -> 0.11333333 | J11: =I11*$N$7 -> 45.333333 | K11: =(D11/G11)*$N$4 -> 136
A12: FG-LB015/109 | B12: Black Cherry | C12: RM-EO006/023 | D12: 24 | E12: GM | F12: Green Mandarin Essential Oil (1KG/BTL) | G12: 1500 | H12: 5 | I12: =(D12/G12)*H12 -> 0.08 | J12: =I12*$N$7 -> 32 | K12: =(D12/G12)*$N$4 -> 96
A13: FG-LB015/109 | B13: Black Cherry | C13: RM-L022/069 | D13: 231 | E13: GM | F13: Jojoba Oil Golden (23KG/TONG) | G13: 1500 | H13: 5 | I13: =(D13/G13)*H13 -> 0.77 | J13: =I13*$N$7 -> 308 | K13: =(D13/G13)*$N$4 -> 924
A14: FG-LB015/109 | B14: Black Cherry | C14: RM-L003/010 | D14: 14 | E14: GM | F14: Vitamin E Acetate - Care (5KG/TONG) | G14: 1500 | H14: 5 | I14: =(D14/G14)*H14 -> 0.046666667 | J14: =I14*$N$7 -> 18.666667 | K14: =(D14/G14)*$N$4 -> 56
A15: FG-LB015/109 | B15: Black Cherry | C15: RM-SS007/075 | D15: 102 | E15: GM | F15: Shea Butter Refined TYP EPR (25KG/CTN) | G15: 1500 | H15: 5 | I15: =(D15/G15)*H15 -> 0.34 | J15: =I15*$N$7 -> 136 | K15: =(D15/G15)*$N$4 -> 408
A16: FG-LB015/109 | B16: Black Cherry | C16: PM-T031/277 | D16: 1 | E16: PCS | F16: Tube - Lip Balm Paper (Black Cherry) 5g | G16: 1 | H16: 5 | I16: 1 | J16: =I16*$N$7 -> 400 | K16: =$N$4/H16 -> 1200
A17: FG-LB015/109 | B17: Black Cherry | C17: PM-BO101/247 | D17: 1 | E17: PCS | F17: Unitbox - Lip Balm Paper (Black Cherry) 5g | G17: 1 | H17: 5 | I17: 1 | J17: =I17*$N$7 -> 400 | K17: =$N$4/H17 -> 1200
H19: THE UNIT SIZE OF ITEM | I19: MATERIAL MAKE UP PER PCS | K19: MATERIAL USAGE PER KG

Sheet Raw Material List
A1: Code | B1: Description | C1: Type | D1: Order lead time (day) | E1: Stock on hand (kg) | F1: Production Plan Use | G1: Expected balance after Production | H1: Subgroup
A2: RM-SS001/005 | B2: KAHLWAX 2039L CANDELILA WAX | C2: ACTIVE | D2: 134 | E2: 125.28 | F2: =_xlfn.XLOOKUP(A2,bom!C:C,bom!J:J,0,0,1)/1000 -> 0.108 | G2: =E2-F2 -> 125.172
A3: RM-CO007/054 | B3: DK-PGT PASTE IOB (BLACK) (5KG/PAIL) | C3: ACTIVE | D3: 104 | E3: 4.35 | F3: =_xlfn.XLOOKUP(A3,bom!C:C,bom!J:J,0,0,1)/1000 -> 0.021333333 | G3: =E3-F3 -> 4.3286667
A4: RM-L004/011 | B4: Avocado Oil Cosmetic (23KG/TONG) | C4: ACTIVE | D4: 30 | E4: 23 | F4: =_xlfn.XLOOKUP(A4,bom!C:C,bom!J:J,0,0,1)/1000 -> 0.308 | G4: =E4-F4 -> 22.692
A5: RM-CO004/043 | B5: DK-PGT Paste R7 (Red) (5KG/PAIL) | C5: ACTIVE | D5: 194 | E5: 7.5 | F5: =_xlfn.XLOOKUP(A5,bom!C:C,bom!J:J,0,0,1)/1000 -> 0.021333333 | G5: =E5-F5 -> 7.4786667
A6: RM-CO002/027 | B6: DK-PGT Paste IOR (Coral) (5KG/PAIL) | C6: ACTIVE | D6: 104 | E6: 75 | F6: =_xlfn.XLOOKUP(A6,bom!C:C,bom!J:J,0,0,1)/1000 -> 0.0093333333 | G6: =E6-F6 -> 74.990667
A7: RM-SS004/020 | B7: Akogel (20KG/BAG) | C7: ACTIVE | D7: 74 | E7: 33.68 | F7: =_xlfn.XLOOKUP(A7,bom!C:C,bom!J:J,0,0,1)/1000 -> 0.090666667 | G7: =E7-F7 -> 33.589333
A8: RM-L005/028 | B8: Primalhyal Gold (Hyaluronic Acid) (5KG/TONG) | C8: ACTIVE | D8: 30 | E8: 10.237 | F8: =_xlfn.XLOOKUP(A8,bom!C:C,bom!J:J,0,0,1)/1000 -> 0.090666667 | G8: =E8-F8 -> 10.146333
A9: RM-SS003/012 | B9: Beeswax (25KG/DRUM) | C9: ACTIVE | D9: 30 | E9: 103.46 | F9: =_xlfn.XLOOKUP(A9,bom!C:C,bom!J:J,0,0,1)/1000 -> 0.36133333 | G9: =E9-F9 -> 103.09867
A10: RM-L001/001 | B10: Palmester 3595 [MCT Oil] (190KG/Drum) | C10: ACTIVE | D10: 30 | E10: 424.225 | F10: =_xlfn.XLOOKUP(A10,bom!C:C,bom!J:J,0,0,1)/1000 -> 0.44933333 | G10: =E10-F10 -> 423.77567
A11: RM-CO003/031 | B11: DK-PGT Paste Y6L (Orange) (5KG/PAIL) | C11: ACTIVE | D11: 0 | E11: 34.11 | F11: =_xlfn.XLOOKUP(A11,bom!C:C,bom!J:J,0,0,1)/1000 -> 0.045333333 | G11: =E11-F11 -> 34.064667
A12: RM-EO006/023 | B12: Green Mandarin Essential Oil (1KG/BTL) | C12: ACTIVE | D12: 56 | E12: 6.66 | F12: =_xlfn.XLOOKUP(A12,bom!C:C,bom!J:J,0,0,1)/1000 -> 0.032 | G12: =E12-F12 -> 6.628
A13: RM-L022/069 | B13: Jojoba Oil Golden (23KG/TONG) | C13: ACTIVE | D13: 30 | E13: 35.55 | F13: =_xlfn.XLOOKUP(A13,bom!C:C,bom!J:J,0,0,1)/1000 -> 0.308 | G13: =E13-F13 -> 35.242
... A15: RM-SS007/075 | B15: Shea Butter Refined TYP EPR (25KG/CTN) | C15: ACTIVE | D15: 120 | E15: 377.98 | F15: =_xlfn.XLOOKUP(A15,bom!C:C,bom!J:J,0,0,1)/1000 -> 0.136 | G15: =E15-F15 -> 377.844
A16: PM-T031/277 | B16: Tube - Lip Balm Paper (Black Cherry) 5g | C16: ACTIVE | D16: 65 | E16: 21721 | F16: =_xlfn.XLOOKUP(A16,bom!C:C,bom!J:J,0,0,1) -> 400 | G16: =E16-F16 -> 21321 | H16: Primary Packaging
A17: PM-BO101/247 | B17: Unitbox - Lip Balm Paper (Black Cherry) 5g | C17: ACTIVE | D17: 30 | E17: 9826 | F17: =_xlfn.XLOOKUP(A17,bom!C:C,bom!J:J,0,0,1) -> 400 | G17: =E17-F17 -> 9426 | H17: Unitbox
